{
  "pairs": [
    [
      102,
      270
    ],
    [
      106,
      71
    ],
    [
      188,
      20
    ],
    [
      102,
      121
    ],
    [
      214,
      87
    ],
    [
      99,
      151
    ],
    [
      130,
      149
    ],
    [
      257,
      191
    ],
    [
      276,
      160
    ],
    [
      21,
      252
    ]
  ],
  "classical_costs": [
    619.6815486805035,
    281.6932378274487,
    416.52560004903836,
    212.68765080792093,
    369.0475717175507,
    480.35524499145026,
    342.56383045837674,
    539.6750995981507,
    539.8780903865107,
    238.7309301100015
  ],
  "quantum_costs": [
    29.55078125,
    37.021484375,
    44.1796875,
    24.052734375,
    35.888671875,
    45.322265625,
    40.87890625,
    30.869140625,
    38.06640625,
    6.74375
  ],
  "cost_differences": [
    590.1307674305035,
    244.67175345244868,
    372.34591254903836,
    188.63491643292093,
    333.1588998425507,
    435.03297936645026,
    301.68492420837674,
    508.8059589731507,
    501.81168413651073,
    231.9871801100015
  ],
  "summary": {
    "mean_classical_cost": 404.0838804626952,
    "mean_quantum_cost": 33.2573828125,
    "mean_difference": 370.8264976501952,
    "correlation": 0.4003451119189504
  }
}